Workbook

Sheet Dashboard
A1: Production dashboard - Q3 2026
A2: Slicers: click a pivot table on the Pivots sheet, then PivotTable Analyze > Insert Slicer (Month, LineCode, CountryName), then Report Connections: tick all three tables.
A3: Total sets | C3: Value (EGP million) | E3: Export share | G3: Top model
A4: =Report!A4 -> 29384 | C4: =Report!B4/1000000 -> 279.1944 | E4: =Report!C4 -> 0.47028995 | G4: =Report!D4 -> 32-inch Smart TV

Sheet Report
A1: Production report - third quarter 2026 (1 July to 30 September)
A3: Total sets | B3: Total value (EGP) | C3: Export share | D3: Top model
A4: =SUM(Data!$H$2:$H$1268) -> 29384 | B4: =SUM(Data!$I$2:$I$1268) -> 279194400 | C4: =1-SUMIF(Data!$G$2:$G$1268,"Egypt",Data!$H$2:$H$1268)/SUM(Data!$H$2:$H$1268) -> 0.47028995 | D4: =INDEX(A26:A37,MATCH(MAX(B26:B37),B26:B37,0)) -> 32-inch Smart TV
A6: Month | B6: Sets | C6: Value (EGP) | E6: Line | F6: Sets
A7: 2026-07 | B7: =SUMIF(Data!$J$2:$J$1268,A7,Data!$H$2:$H$1268) -> 9737 | C7: =SUMIF(Data!$J$2:$J$1268,A7,Data!$I$2:$I$1268) -> 90935800 | E7: L01 | F7: =SUMIF(Data!$C$2:$C$1268,E7,Data!$H$2:$H$1268) -> 5886
A8: 2026-08 | B8: =SUMIF(Data!$J$2:$J$1268,A8,Data!$H$2:$H$1268) -> 9643 | C8: =SUMIF(Data!$J$2:$J$1268,A8,Data!$I$2:$I$1268) -> 90458400 | E8: L02 | F8: =SUMIF(Data!$C$2:$C$1268,E8,Data!$H$2:$H$1268) -> 5077
A9: 2026-09 | B9: =SUMIF(Data!$J$2:$J$1268,A9,Data!$H$2:$H$1268) -> 10004 | C9: =SUMIF(Data!$J$2:$J$1268,A9,Data!$I$2:$I$1268) -> 97800200 | E9: L03 | F9: =SUMIF(Data!$C$2:$C$1268,E9,Data!$H$2:$H$1268) -> 5567
A10: Total | B10: =SUM(B7:B9) -> 29384 | C10: =SUM(C7:C9) -> 279194400 | E10: L04 | F10: =SUMIF(Data!$C$2:$C$1268,E10,Data!$H$2:$H$1268) -> 4619
E11: L05 | F11: =SUMIF(Data!$C$2:$C$1268,E11,Data!$H$2:$H$1268) -> 4567
E12: L06 | F12: =SUMIF(Data!$C$2:$C$1268,E12,Data!$H$2:$H$1268) -> 3668
E13: Total | F13: =SUM(F7:F12) -> 29384
A14: Country | B14: Sets | C14: Value (EGP)
A15: Egypt | B15: =SUMIF(Data!$G$2:$G$1268,A15,Data!$H$2:$H$1268) -> 15565 | C15: =SUMIF(Data!$G$2:$G$1268,A15,Data!$I$2:$I$1268) -> 148632300
A16: Iraq | B16: =SUMIF(Data!$G$2:$G$1268,A16,Data!$H$2:$H$1268) -> 1768 | C16: =SUMIF(Data!$G$2:$G$1268,A16,Data!$I$2:$I$1268) -> 15404800
A17: Jordan | B17: =SUMIF(Data!$G$2:$G$1268,A17,Data!$H$2:$H$1268) -> 1761 | C17: =SUMIF(Data!$G$2:$G$1268,A17,Data!$I$2:$I$1268) -> 16720800
A18: Saudi Arabia | B18: =SUMIF(Data!$G$2:$G$1268,A18,Data!$H$2:$H$1268) -> 1739 | C18: =SUMIF(Data!$G$2:$G$1268,A18,Data!$I$2:$I$1268) -> 16307500
A19: Kenya | B19: =SUMIF(Data!$G$2:$G$1268,A19,Data!$H$2:$H$1268) -> 1509 | C19: =SUMIF(Data!$G$2:$G$1268,A19,Data!$I$2:$I$1268) -> 15452300
A20: United Arab Emirates | B20: =SUMIF(Data!$G$2:$G$1268,A20,Data!$H$2:$H$1268) -> 1461 | C20: =SUMIF(Data!$G$2:$G$1268,A20,Data!$I$2:$I$1268) -> 14625100
A21: Nigeria | B21: =SUMIF(Data!$G$2:$G$1268,A21,Data!$H$2:$H$1268) -> 1443 | C21: =SUMIF(Data!$G$2:$G$1268,A21,Data!$I$2:$I$1268) -> 15448400
A22: Morocco | B22: =SUMIF(Data!$G$2:$G$1268,A22,Data!$H$2:$H$1268) -> 1442 | C22: =SUMIF(Data!$G$2:$G$1268,A22,Data!$I$2:$I$1268) -> 12976200
A23: Libya | B23: =SUMIF(Data!$G$2:$G$1268,A23,Data!$H$2:$H$1268) -> 1402 | C23: =SUMIF(Data!$G$2:$G$1268,A23,Data!$I$2:$I$1268) -> 13131100
A24: Kuwait | B24: =SUMIF(Data!$G$2:$G$1268,A24,Data!$H$2:$H$1268) -> 1294 | C24: =SUMIF(Data!$G$2:$G$1268,A24,Data!$I$2:$I$1268) -> 10495900
A25: Model | B25: Sets
A26: 32-inch Smart TV | B26: =SUMIF(Data!$E$2:$E$1268,A26,Data!$H$2:$H$1268) -> 3975
A27: 32-inch HD TV | B27: =SUMIF(Data!$E$2:$E$1268,A27,Data!$H$2:$H$1268) -> 3820
A28: 24-inch HD TV | B28: =SUMIF(Data!$E$2:$E$1268,A28,Data!$H$2:$H$1268) -> 3243
A29: 43-inch Full HD TV | B29: =SUMIF(Data!$E$2:$E$1268,A29,Data!$H$2:$H$1268) -> 2790
A30: 40-inch Full HD TV | B30: =SUMIF(Data!$E$2:$E$1268,A30,Data!$H$2:$H$1268) -> 2678
A31: 43-inch Smart TV | B31: =SUMIF(Data!$E$2:$E$1268,A31,Data!$H$2:$H$1268) -> 2527
A32: 55-inch QLED TV | B32: =SUMIF(Data!$E$2:$E$1268,A32,Data!$H$2:$H$1268) -> 2313
A33: 55-inch 4K TV | B33: =SUMIF(Data!$E$2:$E$1268,A33,Data!$H$2:$H$1268) -> 2166
A34: 50-inch 4K TV | B34: =SUMIF(Data!$E$2:$E$1268,A34,Data!$H$2:$H$1268) -> 1881
A35: 65-inch QLED TV | B35: =SUMIF(Data!$E$2:$E$1268,A35,Data!$H$2:$H$1268) -> 1591
A36: 65-inch 4K TV | B36: =SUMIF(Data!$E$2:$E$1268,A36,Data!$H$2:$H$1268) -> 1325
A37: 75-inch 4K TV | B37: =SUMIF(Data!$E$2:$E$1268,A37,Data!$H$2:$H$1268) -> 1075

Sheet Pivots
A1: Pivot tables over the Data sheet (Data > Refresh All updates them)
A3: Sum - Qty | B3: LineCode
A4: Month | B4: L01 | C4: L02 | D4: L03 | E4: L04 | F4: L05 | G4: L06 | H4: Total Result
A5: 2026-07 | B5: 1899 | C5: 1518 | D5: 1871 | E5: 1657 | F5: 1730 | G5: 1062 | H5: 9737
A6: 2026-08 | B6: 1880 | C6: 1734 | D6: 2001 | E6: 1369 | F6: 1515 | G6: 1144 | H6: 9643
A7: 2026-09 | B7: 2107 | C7: 1825 | D7: 1695 | E7: 1593 | F7: 1322 | G7: 1462 | H7: 10004
A8: Total Result | B8: 5886 | C8: 5077 | D8: 5567 | E8: 4619 | F8: 4567 | G8: 3668 | H8: 29384
A13: CountryName | B13: Data | F13: ModelName | G13: Sum - Qty
A14: Egypt | B14: Sum - Qty | C14: 15565 | F14: 24-inch HD TV | G14: 3243
B15: Sum - Value | C15: 148632300 | F15: 32-inch HD TV | G15: 3820
A16: Iraq | B16: Sum - Qty | C16: 1768 | F16: 32-inch Smart TV | G16: 3975
B17: Sum - Value | C17: 15404800 | F17: 40-inch Full HD TV | G17: 2678
A18: Jordan | B18: Sum - Qty | C18: 1761 | F18: 43-inch Full HD TV | G18: 2790
B19: Sum - Value | C19: 16720800 | F19: 43-inch Smart TV | G19: 2527
A20: Kenya | B20: Sum - Qty | C20: 1509 | F20: 50-inch 4K TV | G20: 1881
B21: Sum - Value | C21: 15452300 | F21: 55-inch 4K TV | G21: 2166
A22: Kuwait | B22: Sum - Qty | C22: 1294 | F22: 55-inch QLED TV | G22: 2313
B23: Sum - Value | C23: 10495900 | F23: 65-inch 4K TV | G23: 1325
A24: Libya | B24: Sum - Qty | C24: 1402 | F24: 65-inch QLED TV | G24: 1591
B25: Sum - Value | C25: 13131100 | F25: 75-inch 4K TV | G25: 1075
A26: Morocco | B26: Sum - Qty | C26: 1442 | F26: Total Result | G26: 29384
B27: Sum - Value | C27: 12976200
A28: Nigeria | B28: Sum - Qty | C28: 1443
B29: Sum - Value | C29: 15448400
A30: Saudi Arabia | B30: Sum - Qty | C30: 1739
B31: Sum - Value | C31: 16307500
A32: United Arab Emirates | B32: Sum - Qty | C32: 1461
B33: Sum - Value | C33: 14625100
A34: Total Sum - Qty | C34: 29384
A35: Total Sum - Value | C35: 279194400

Sheet Data
A1: Date | B1: WorkOrder | C1: LineCode | D1: ModelCode | E1: ModelName | F1: CountryCode | G1: CountryName | H1: Qty | I1: Value | J1: Month | K1: SourceFile
A2: 46204 | B2: WO-4102001 | C2: L01 | D2: M103 | E2: =VLOOKUP(D2,Models!$A$2:$B$13,2,0) -> 32-inch Smart TV | F2: JO | G2: =VLOOKUP(F2,Countries!$A$2:$B$11,2,0) -> Jordan | H2: 48 | I2: 220800 | J2: 2026-07 | K2: Week_01.xlsx
A3: 46204 | B3: WO-4102002 | C3: L01 | D3: M107 | E3: =VLOOKUP(D3,Models!$A$2:$B$13,2,0) -> 50-inch 4K TV | F3: EG | G3: =VLOOKUP(F3,Countries!$A$2:$B$11,2,0) -> Egypt | H3: 5 | I3: 52000 | J3: 2026-07 | K3: Week_01.xlsx
A4: 46204 | B4: WO-4102003 | C4: L01 | D4: M105 | E4: =VLOOKUP(D4,Models!$A$2:$B$13,2,0) -> 43-inch Full HD TV | F4: KE | G4: =VLOOKUP(F4,Countries!$A$2:$B$11,2,0) -> Kenya | H4: 21 | I4: 144900 | J4: 2026-07 | K4: Week_01.xlsx
A5: 46204 | B5: WO-4102004 | C5: L01 | D5: M104 | E5: =VLOOKUP(D5,Models!$A$2:$B$13,2,0) -> 40-inch Full HD TV | F5: NG | G5: =VLOOKUP(F5,Countries!$A$2:$B$11,2,0) -> Nigeria | H5: 12 | I5: 74400 | J5: 2026-07 | K5: Week_01.xlsx
A6: 46204 | B6: WO-4102005 | C6: L01 | D6: M111 | E6: =VLOOKUP(D6,Models!$A$2:$B$13,2,0) -> 65-inch QLED TV | F6: EG | G6: =VLOOKUP(F6,Countries!$A$2:$B$11,2,0) -> Egypt | H6: 13 | I6: 318500 | J6: 2026-07 | K6: Week_01.xlsx
A7: 46204 | B7: WO-4102006 | C7: L02 | D7: M104 | E7: =VLOOKUP(D7,Models!$A$2:$B$13,2,0) -> 40-inch Full HD TV | F7: IQ | G7: =VLOOKUP(F7,Countries!$A$2:$B$11,2,0) -> Iraq | H7: 23 | I7: 142600 | J7: 2026-07 | K7: Week_01.xlsx
A8: 46204 | B8: WO-4102007 | C8: L02 | D8: M106 | E8: =VLOOKUP(D8,Models!$A$2:$B$13,2,0) -> 43-inch Smart TV | F8: EG | G8: =VLOOKUP(F8,Countries!$A$2:$B$11,2,0) -> Egypt | H8: 22 | I8: 171600 | J8: 2026-07 | K8: Week_01.xlsx
A9: 46204 | B9: WO-4102008 | C9: L02 | D9: M103 | E9: =VLOOKUP(D9,Models!$A$2:$B$13,2,0) -> 32-inch Smart TV | F9: AE | G9: =VLOOKUP(F9,Countries!$A$2:$B$11,2,0) -> United Arab Emirates | H9: 13 | I9: 59800 | J9: 2026-07 | K9: Week_01.xlsx
A10: 46204 | B10: WO-4102009 | C10: L03 | D10: M112 | E10: =VLOOKUP(D10,Models!$A$2:$B$13,2,0) -> 75-inch 4K TV | F10: NG | G10: =VLOOKUP(F10,Countries!$A$2:$B$11,2,0) -> Nigeria | H10: 8 | I10: 249600 | J10: 2026-07 | K10: Week_01.xlsx
A11: 46204 | B11: WO-4102010 | C11: L03 | D11: M103 | E11: =VLOOKUP(D11,Models!$A$2:$B$13,2,0) -> 32-inch Smart TV | F11: IQ | G11: =VLOOKUP(F11,Countries!$A$2:$B$11,2,0) -> Iraq | H11: 61 | I11: 280600 | J11: 2026-07 | K11: Week_01.xlsx
A12: 46204 | B12: WO-4102011 | C12: L03 | D12: M101 | E12: =VLOOKUP(D12,Models!$A$2:$B$13,2,0) -> 24-inch HD TV | F12: EG | G12: =VLOOKUP(F12,Countries!$A$2:$B$11,2,0) -> Egypt | H12: 13 | I12: 37700 | J12: 2026-07 | K12: Week_01.xlsx
A13: 46204 | B13: WO-4102012 | C13: L03 | D13: M108 | E13: =VLOOKUP(D13,Models!$A$2:$B$13,2,0) -> 55-inch 4K TV | F13: NG | G13: =VLOOKUP(F13,Countries!$A$2:$B$11,2,0) -> Nigeria | H13: 32 | I13: 393600 | J13: 2026-07 | K13: Week_01.xlsx
... A1268: 46295 | B1268: WO-4103267 | C1268: L06 | D1268: M106 | E1268: =VLOOKUP(D1268,Models!$A$2:$B$13,2,0) -> 43-inch Smart TV | F1268: EG | G1268: =VLOOKUP(F1268,Countries!$A$2:$B$11,2,0) -> Egypt | H1268: 35 | I1268: 273000 | J1268: 2026-09 | K1268: Week_13.xlsx

Sheet Models
A1: ModelCode | B1: ModelName
A2: M101 | B2: 24-inch HD TV
A3: M102 | B3: 32-inch HD TV
A4: M103 | B4: 32-inch Smart TV
A5: M104 | B5: 40-inch Full HD TV
A6: M105 | B6: 43-inch Full HD TV
A7: M106 | B7: 43-inch Smart TV
A8: M107 | B8: 50-inch 4K TV
A9: M108 | B9: 55-inch 4K TV
A10: M109 | B10: 55-inch QLED TV
A11: M110 | B11: 65-inch 4K TV
A12: M111 | B12: 65-inch QLED TV
A13: M112 | B13: 75-inch 4K TV

Sheet Countries
A1: CountryCode | B1: CountryName
A2: EG | B2: Egypt
A3: SA | B3: Saudi Arabia
A4: AE | B4: United Arab Emirates
A5: KW | B5: Kuwait
A6: JO | B6: Jordan
A7: IQ | B7: Iraq
A8: LY | B8: Libya
A9: MA | B9: Morocco
A10: KE | B10: Kenya
A11: NG | B11: Nigeria
