Workbook

Sheet Dashboard
A1: Commercial review - Q3 2026
A3: Net sales (EGP million) | C3: Sets sold | E3: Achievement | G3: Freight per set (EGP)
A4: =Report!C8/1000000 -> 329.64597 | C4: =Report!B8 -> 25276 | E4: =Report!E8 -> 1.0019634 | G4: =Report!H8 -> 60.725589

Sheet Report
A1: Commercial review - third quarter 2026
J2: Chart data
A3: Channel | B3: Sets | C3: Net sales (EGP) | D3: Target (EGP) | E3: Achievement | F3: Units shipped | G3: Freight (EGP) | H3: Freight per set | J3: Channel | K3: Net sales (EGP M) | L3: Target (EGP M) | M3: Freight per set
A4: Cairo | B4: =SUMIF(Sales!$B$2:$B$310,A4,Sales!$G$2:$G$310) -> 5944 | C4: =SUMIF(Sales!$B$2:$B$310,A4,Sales!$H$2:$H$310) -> 72432420 | D4: =VLOOKUP(A4,Targets!$A$2:$C$5,3,0) -> 75000000 | E4: =C4/D4 -> 0.9657656 | F4: =SUMIF(Shipments!$B$2:$B$13,A4,Shipments!$D$2:$D$13) -> 5944 | G4: =SUMIF(Shipments!$B$2:$B$13,A4,Shipments!$E$2:$E$13) -> 114800 | H4: =G4/F4 -> 19.313594 | J4: =A4 -> Cairo | K4: =C4/1000000 -> 72.43242 | L4: =D4/1000000 -> 75 | M4: =H4 -> 19.313594
A5: Alexandria | B5: =SUMIF(Sales!$B$2:$B$310,A5,Sales!$G$2:$G$310) -> 4772 | C5: =SUMIF(Sales!$B$2:$B$310,A5,Sales!$H$2:$H$310) -> 51023330 | D5: =VLOOKUP(A5,Targets!$A$2:$C$5,3,0) -> 47000000 | E5: =C5/D5 -> 1.0856028 | F5: =SUMIF(Shipments!$B$2:$B$13,A5,Shipments!$D$2:$D$13) -> 4772 | G5: =SUMIF(Shipments!$B$2:$B$13,A5,Shipments!$E$2:$E$13) -> 138600 | H5: =G5/F5 -> 29.044426 | J5: =A5 -> Alexandria | K5: =C5/1000000 -> 51.02333 | L5: =D5/1000000 -> 47 | M5: =H5 -> 29.044426
A6: Delta | B6: =SUMIF(Sales!$B$2:$B$310,A6,Sales!$G$2:$G$310) -> 5369 | C6: =SUMIF(Sales!$B$2:$B$310,A6,Sales!$H$2:$H$310) -> 57862140 | D6: =VLOOKUP(A6,Targets!$A$2:$C$5,3,0) -> 63000000 | E6: =C6/D6 -> 0.91844667 | F6: =SUMIF(Shipments!$B$2:$B$13,A6,Shipments!$D$2:$D$13) -> 5369 | G6: =SUMIF(Shipments!$B$2:$B$13,A6,Shipments!$E$2:$E$13) -> 129500 | H6: =G6/F6 -> 24.119948 | J6: =A6 -> Delta | K6: =C6/1000000 -> 57.86214 | L6: =D6/1000000 -> 63 | M6: =H6 -> 24.119948
A7: Export | B7: =SUMIF(Sales!$B$2:$B$310,A7,Sales!$G$2:$G$310) -> 9191 | C7: =SUMIF(Sales!$B$2:$B$310,A7,Sales!$H$2:$H$310) -> 148328080 | D7: =VLOOKUP(A7,Targets!$A$2:$C$5,3,0) -> 144000000 | E7: =C7/D7 -> 1.0300561 | F7: =SUMIF(Shipments!$B$2:$B$13,A7,Shipments!$D$2:$D$13) -> 9191 | G7: =SUMIF(Shipments!$B$2:$B$13,A7,Shipments!$E$2:$E$13) -> 1152000 | H7: =G7/F7 -> 125.34001 | J7: =A7 -> Export | K7: =C7/1000000 -> 148.32808 | L7: =D7/1000000 -> 144 | M7: =H7 -> 125.34001
A8: Total | B8: =SUM(B4:B7) -> 25276 | C8: =SUM(C4:C7) -> 329645970 | D8: =SUM(D4:D7) -> 329000000 | E8: =C8/D8 -> 1.0019634 | F8: =SUM(F4:F7) -> 25276 | G8: =SUM(G4:G7) -> 1534900 | H8: =G8/F8 -> 60.725589
A11: Month | B11: Net sales (EGP) | D11: Export country | E11: Net sales (EGP)
A12: 2026-07 | B12: =SUMIF(Sales!$A$2:$A$310,A12,Sales!$H$2:$H$310) -> 102824550 | D12: Iraq | E12: =SUMIFS(Sales!$H$2:$H$310,Sales!$B$2:$B$310,"Export",Sales!$D$2:$D$310,D12) -> 24724420
A13: 2026-08 | B13: =SUMIF(Sales!$A$2:$A$310,A13,Sales!$H$2:$H$310) -> 102919590 | D13: Libya | E13: =SUMIFS(Sales!$H$2:$H$310,Sales!$B$2:$B$310,"Export",Sales!$D$2:$D$310,D13) -> 20762700
A14: 2026-09 | B14: =SUMIF(Sales!$A$2:$A$310,A14,Sales!$H$2:$H$310) -> 123901830 | D14: Kuwait | E14: =SUMIFS(Sales!$H$2:$H$310,Sales!$B$2:$B$310,"Export",Sales!$D$2:$D$310,D14) -> 18962570
D15: United Arab Emirates | E15: =SUMIFS(Sales!$H$2:$H$310,Sales!$B$2:$B$310,"Export",Sales!$D$2:$D$310,D15) -> 15361140
D16: Saudi Arabia | E16: =SUMIFS(Sales!$H$2:$H$310,Sales!$B$2:$B$310,"Export",Sales!$D$2:$D$310,D16) -> 14910810
D17: Nigeria | E17: =SUMIFS(Sales!$H$2:$H$310,Sales!$B$2:$B$310,"Export",Sales!$D$2:$D$310,D17) -> 14493690
D18: Morocco | E18: =SUMIFS(Sales!$H$2:$H$310,Sales!$B$2:$B$310,"Export",Sales!$D$2:$D$310,D18) -> 14194400
D19: Jordan | E19: =SUMIFS(Sales!$H$2:$H$310,Sales!$B$2:$B$310,"Export",Sales!$D$2:$D$310,D19) -> 12948920
D20: Kenya | E20: =SUMIFS(Sales!$H$2:$H$310,Sales!$B$2:$B$310,"Export",Sales!$D$2:$D$310,D20) -> 11969430
A23: Model | B23: ModelName | C23: Returned | D23: Sold | E23: Return rate
A24: M110 | B24: =VLOOKUP(A24,Models!$A$2:$B$13,2,0) -> 65-inch 4K TV | C24: =SUMIF(Returns!$B$2:$B$37,A24,Returns!$D$2:$D$37) -> 34 | D24: =SUMIF(Sales!$E$2:$E$310,A24,Sales!$G$2:$G$310) -> 1432 | E24: =C24/D24 -> 0.023743017
A25: M112 | B25: =VLOOKUP(A25,Models!$A$2:$B$13,2,0) -> 75-inch 4K TV | C25: =SUMIF(Returns!$B$2:$B$37,A25,Returns!$D$2:$D$37) -> 30 | D25: =SUMIF(Sales!$E$2:$E$310,A25,Sales!$G$2:$G$310) -> 1546 | E25: =C25/D25 -> 0.019404916
A26: M111 | B26: =VLOOKUP(A26,Models!$A$2:$B$13,2,0) -> 65-inch QLED TV | C26: =SUMIF(Returns!$B$2:$B$37,A26,Returns!$D$2:$D$37) -> 25 | D26: =SUMIF(Sales!$E$2:$E$310,A26,Sales!$G$2:$G$310) -> 1858 | E26: =C26/D26 -> 0.013455328
A27: M102 | B27: =VLOOKUP(A27,Models!$A$2:$B$13,2,0) -> 32-inch HD TV | C27: =SUMIF(Returns!$B$2:$B$37,A27,Returns!$D$2:$D$37) -> 34 | D27: =SUMIF(Sales!$E$2:$E$310,A27,Sales!$G$2:$G$310) -> 2531 | E27: =C27/D27 -> 0.013433426
A28: M108 | B28: =VLOOKUP(A28,Models!$A$2:$B$13,2,0) -> 55-inch 4K TV | C28: =SUMIF(Returns!$B$2:$B$37,A28,Returns!$D$2:$D$37) -> 29 | D28: =SUMIF(Sales!$E$2:$E$310,A28,Sales!$G$2:$G$310) -> 2365 | E28: =C28/D28 -> 0.012262156
A29: M104 | B29: =VLOOKUP(A29,Models!$A$2:$B$13,2,0) -> 40-inch Full HD TV | C29: =SUMIF(Returns!$B$2:$B$37,A29,Returns!$D$2:$D$37) -> 30 | D29: =SUMIF(Sales!$E$2:$E$310,A29,Sales!$G$2:$G$310) -> 3052 | E29: =C29/D29 -> 0.0098296199
A30: M105 | B30: =VLOOKUP(A30,Models!$A$2:$B$13,2,0) -> 43-inch Full HD TV | C30: =SUMIF(Returns!$B$2:$B$37,A30,Returns!$D$2:$D$37) -> 22 | D30: =SUMIF(Sales!$E$2:$E$310,A30,Sales!$G$2:$G$310) -> 2578 | E30: =C30/D30 -> 0.0085337471
A31: M103 | B31: =VLOOKUP(A31,Models!$A$2:$B$13,2,0) -> 32-inch Smart TV | C31: =SUMIF(Returns!$B$2:$B$37,A31,Returns!$D$2:$D$37) -> 19 | D31: =SUMIF(Sales!$E$2:$E$310,A31,Sales!$G$2:$G$310) -> 2231 | E31: =C31/D31 -> 0.0085163604
A32: M109 | B32: =VLOOKUP(A32,Models!$A$2:$B$13,2,0) -> 55-inch QLED TV | C32: =SUMIF(Returns!$B$2:$B$37,A32,Returns!$D$2:$D$37) -> 14 | D32: =SUMIF(Sales!$E$2:$E$310,A32,Sales!$G$2:$G$310) -> 1682 | E32: =C32/D32 -> 0.0083234245
A33: M106 | B33: =VLOOKUP(A33,Models!$A$2:$B$13,2,0) -> 43-inch Smart TV | C33: =SUMIF(Returns!$B$2:$B$37,A33,Returns!$D$2:$D$37) -> 16 | D33: =SUMIF(Sales!$E$2:$E$310,A33,Sales!$G$2:$G$310) -> 2040 | E33: =C33/D33 -> 0.0078431373
A34: M107 | B34: =VLOOKUP(A34,Models!$A$2:$B$13,2,0) -> 50-inch 4K TV | C34: =SUMIF(Returns!$B$2:$B$37,A34,Returns!$D$2:$D$37) -> 12 | D34: =SUMIF(Sales!$E$2:$E$310,A34,Sales!$G$2:$G$310) -> 1569 | E34: =C34/D34 -> 0.0076481836
A35: M101 | B35: =VLOOKUP(A35,Models!$A$2:$B$13,2,0) -> 24-inch HD TV | C35: =SUMIF(Returns!$B$2:$B$37,A35,Returns!$D$2:$D$37) -> 16 | D35: =SUMIF(Sales!$E$2:$E$310,A35,Sales!$G$2:$G$310) -> 2392 | E35: =C35/D35 -> 0.0066889632

Sheet Pivots
A1: Pivot tables over the Sales sheet (Data > Refresh All updates them)
A3: Sum - NetSales | B3: Month
A4: Channel | B4: 2026-07 | C4: 2026-08 | D4: 2026-09 | E4: Total Result
A5: Alexandria | B5: 17923970 | C5: 12338210 | D5: 20761150 | E5: 51023330
A6: Cairo | B6: 23070230 | C6: 26650440 | D6: 22711750 | E6: 72432420
A7: Delta | B7: 21499300 | C7: 16074950 | D7: 20287890 | E7: 57862140
A8: Export | B8: 40331050 | C8: 47855990 | D8: 60141040 | E8: 148328080
A9: Total Result | B9: 102824550 | C9: 102919590 | D9: 123901830 | E9: 329645970
A12: CountryName | B12: Data | F12: ModelName | G12: Data
A13: Egypt | B13: Sum - Qty | C13: 16085 | F13: 24-inch HD TV | G13: Sum - Qty | H13: 2392
B14: Sum - NetSales | C14: 181317890 | G14: Sum - NetSales | H14: 8488880
A15: Iraq | B15: Sum - Qty | C15: 1471 | F15: 32-inch HD TV | G15: Sum - Qty | H15: 2531
B16: Sum - NetSales | C16: 24724420 | G16: Sum - NetSales | H16: 12047040
A17: Jordan | B17: Sum - Qty | C17: 990 | F17: 32-inch Smart TV | G17: Sum - Qty | H17: 2231
B18: Sum - NetSales | C18: 12948920 | G18: Sum - NetSales | H18: 12491960
A19: Kenya | B19: Sum - Qty | C19: 988 | F19: 40-inch Full HD TV | G19: Sum - Qty | H19: 3052
B20: Sum - NetSales | C20: 11969430 | G20: Sum - NetSales | H20: 23073360
A21: Kuwait | B21: Sum - Qty | C21: 1207 | F21: 43-inch Full HD TV | G21: Sum - Qty | H21: 2578
B22: Sum - NetSales | C22: 18962570 | G22: Sum - NetSales | H22: 21735160
A23: Libya | B23: Sum - Qty | C23: 1034 | F23: 43-inch Smart TV | G23: Sum - Qty | H23: 2040
B24: Sum - NetSales | C24: 20762700 | G24: Sum - NetSales | H24: 19495960
A25: Morocco | B25: Sum - Qty | C25: 908 | F25: 50-inch 4K TV | G25: Sum - Qty | H25: 1569
B26: Sum - NetSales | C26: 14194400 | G26: Sum - NetSales | H26: 19733440
A27: Nigeria | B27: Sum - Qty | C27: 881 | F27: 55-inch 4K TV | G27: Sum - Qty | H27: 2365
B28: Sum - NetSales | C28: 14493690 | G28: Sum - NetSales | H28: 35274550
A29: Saudi Arabia | B29: Sum - Qty | C29: 725 | F29: 55-inch QLED TV | G29: Sum - Qty | H29: 1682
B30: Sum - NetSales | C30: 14910810 | G30: Sum - NetSales | H30: 31620440
A31: United Arab Emirates | B31: Sum - Qty | C31: 987 | F31: 65-inch 4K TV | G31: Sum - Qty | H31: 1432
B32: Sum - NetSales | C32: 15361140 | G32: Sum - NetSales | H32: 33909040
A33: Total Sum - Qty | C33: 25276 | F33: 65-inch QLED TV | G33: Sum - Qty | H33: 1858
A34: Total Sum - NetSales | C34: 329645970 | G34: Sum - NetSales | H34: 54174680
F35: 75-inch 4K TV | G35: Sum - Qty | H35: 1546
G36: Sum - NetSales | H36: 57601460
F37: Total Sum - Qty | H37: 25276
F38: Total Sum - NetSales | H38: 329645970

Sheet Sales
A1: Month | B1: Channel | C1: CountryCode | D1: CountryName | E1: ModelCode | F1: ModelName | G1: Qty | H1: NetSales | I1: SourceFile
A2: 2026-07 | B2: Cairo | C2: EG | D2: =VLOOKUP(C2,Countries!$A$2:$B$11,2,0) -> Egypt | E2: M103 | F2: =VLOOKUP(E2,Models!$A$2:$B$13,2,0) -> 32-inch Smart TV | G2: 292 | H2: 1664400 | I2: Sales_Cairo_Q3.xlsx
A3: 2026-07 | B3: Cairo | C3: EG | D3: =VLOOKUP(C3,Countries!$A$2:$B$11,2,0) -> Egypt | E3: M104 | F3: =VLOOKUP(E3,Models!$A$2:$B$13,2,0) -> 40-inch Full HD TV | G3: 200 | H3: 1538000 | I3: Sales_Cairo_Q3.xlsx
A4: 2026-07 | B4: Cairo | C4: EG | D4: =VLOOKUP(C4,Countries!$A$2:$B$11,2,0) -> Egypt | E4: M110 | F4: =VLOOKUP(E4,Models!$A$2:$B$13,2,0) -> 65-inch 4K TV | G4: 30 | H4: 736500 | I4: Sales_Cairo_Q3.xlsx
A5: 2026-07 | B5: Cairo | C5: EG | D5: =VLOOKUP(C5,Countries!$A$2:$B$11,2,0) -> Egypt | E5: M110 | F5: =VLOOKUP(E5,Models!$A$2:$B$13,2,0) -> 65-inch 4K TV | G5: 29 | H5: 711950 | I5: Sales_Cairo_Q3.xlsx
A6: 2026-07 | B6: Cairo | C6: EG | D6: =VLOOKUP(C6,Countries!$A$2:$B$11,2,0) -> Egypt | E6: M106 | F6: =VLOOKUP(E6,Models!$A$2:$B$13,2,0) -> 43-inch Smart TV | G6: 18 | H6: 174060 | I6: Sales_Cairo_Q3.xlsx
A7: 2026-07 | B7: Cairo | C7: EG | D7: =VLOOKUP(C7,Countries!$A$2:$B$11,2,0) -> Egypt | E7: M102 | F7: =VLOOKUP(E7,Models!$A$2:$B$13,2,0) -> 32-inch HD TV | G7: 19 | H7: 91960 | I7: Sales_Cairo_Q3.xlsx
A8: 2026-07 | B8: Cairo | C8: EG | D8: =VLOOKUP(C8,Countries!$A$2:$B$11,2,0) -> Egypt | E8: M105 | F8: =VLOOKUP(E8,Models!$A$2:$B$13,2,0) -> 43-inch Full HD TV | G8: 144 | H8: 1232640 | I8: Sales_Cairo_Q3.xlsx
A9: 2026-07 | B9: Cairo | C9: EG | D9: =VLOOKUP(C9,Countries!$A$2:$B$11,2,0) -> Egypt | E9: M102 | F9: =VLOOKUP(E9,Models!$A$2:$B$13,2,0) -> 32-inch HD TV | G9: 19 | H9: 91960 | I9: Sales_Cairo_Q3.xlsx
A10: 2026-07 | B10: Cairo | C10: EG | D10: =VLOOKUP(C10,Countries!$A$2:$B$11,2,0) -> Egypt | E10: M110 | F10: =VLOOKUP(E10,Models!$A$2:$B$13,2,0) -> 65-inch 4K TV | G10: 29 | H10: 711950 | I10: Sales_Cairo_Q3.xlsx
A11: 2026-07 | B11: Cairo | C11: EG | D11: =VLOOKUP(C11,Countries!$A$2:$B$11,2,0) -> Egypt | E11: M108 | F11: =VLOOKUP(E11,Models!$A$2:$B$13,2,0) -> 55-inch 4K TV | G11: 13 | H11: 198250 | I11: Sales_Cairo_Q3.xlsx
A12: 2026-07 | B12: Cairo | C12: EG | D12: =VLOOKUP(C12,Countries!$A$2:$B$11,2,0) -> Egypt | E12: M108 | F12: =VLOOKUP(E12,Models!$A$2:$B$13,2,0) -> 55-inch 4K TV | G12: 13 | H12: 198250 | I12: Sales_Cairo_Q3.xlsx
A13: 2026-07 | B13: Cairo | C13: EG | D13: =VLOOKUP(C13,Countries!$A$2:$B$11,2,0) -> Egypt | E13: M105 | F13: =VLOOKUP(E13,Models!$A$2:$B$13,2,0) -> 43-inch Full HD TV | G13: 144 | H13: 1232640 | I13: Sales_Cairo_Q3.xlsx
... A310: 2026-09 | B310: Export | C310: SA | D310: =VLOOKUP(C310,Countries!$A$2:$B$11,2,0) -> Saudi Arabia | E310: M112 | F310: =VLOOKUP(E310,Models!$A$2:$B$13,2,0) -> 75-inch 4K TV | G310: 125 | H310: 4546250 | I310: Export_Sales_2026-09.pdf

Sheet Shipments
A1: Month | B1: Channel | C1: Shipments | D1: Units | E1: FreightEGP
A2: 2026-07 | B2: Cairo | C2: 12 | D2: 1745 | E2: 33600
A3: 2026-07 | B3: Alexandria | C3: 10 | D3: 1451 | E3: 42000
A4: 2026-07 | B4: Delta | C4: 13 | D4: 1900 | E4: 45500
A5: 2026-07 | B5: Export | C5: 6 | D5: 2242 | E5: 288000
A6: 2026-08 | B6: Cairo | C6: 15 | D6: 2159 | E6: 42000
A7: 2026-08 | B7: Alexandria | C7: 10 | D7: 1406 | E7: 42000
A8: 2026-08 | B8: Delta | C8: 11 | D8: 1646 | E8: 38500
A9: 2026-08 | B9: Export | C9: 8 | D9: 3081 | E9: 384000
A10: 2026-09 | B10: Cairo | C10: 14 | D10: 2040 | E10: 39200
A11: 2026-09 | B11: Alexandria | C11: 13 | D11: 1915 | E11: 54600
A12: 2026-09 | B12: Delta | C12: 13 | D12: 1823 | E12: 45500
A13: 2026-09 | B13: Export | C13: 10 | D13: 3868 | E13: 480000

Sheet Returns
A1: Month | B1: ModelCode | C1: ModelName | D1: Units
A2: 2026-07 | B2: M101 | C2: =VLOOKUP(B2,Models!$A$2:$B$13,2,0) -> 24-inch HD TV | D2: 3
A3: 2026-08 | B3: M101 | C3: =VLOOKUP(B3,Models!$A$2:$B$13,2,0) -> 24-inch HD TV | D3: 8
A4: 2026-09 | B4: M101 | C4: =VLOOKUP(B4,Models!$A$2:$B$13,2,0) -> 24-inch HD TV | D4: 5
A5: 2026-07 | B5: M102 | C5: =VLOOKUP(B5,Models!$A$2:$B$13,2,0) -> 32-inch HD TV | D5: 7
A6: 2026-08 | B6: M102 | C6: =VLOOKUP(B6,Models!$A$2:$B$13,2,0) -> 32-inch HD TV | D6: 15
A7: 2026-09 | B7: M102 | C7: =VLOOKUP(B7,Models!$A$2:$B$13,2,0) -> 32-inch HD TV | D7: 12
A8: 2026-07 | B8: M103 | C8: =VLOOKUP(B8,Models!$A$2:$B$13,2,0) -> 32-inch Smart TV | D8: 8
A9: 2026-08 | B9: M103 | C9: =VLOOKUP(B9,Models!$A$2:$B$13,2,0) -> 32-inch Smart TV | D9: 8
A10: 2026-09 | B10: M103 | C10: =VLOOKUP(B10,Models!$A$2:$B$13,2,0) -> 32-inch Smart TV | D10: 3
A11: 2026-07 | B11: M104 | C11: =VLOOKUP(B11,Models!$A$2:$B$13,2,0) -> 40-inch Full HD TV | D11: 7
A12: 2026-08 | B12: M104 | C12: =VLOOKUP(B12,Models!$A$2:$B$13,2,0) -> 40-inch Full HD TV | D12: 9
A13: 2026-09 | B13: M104 | C13: =VLOOKUP(B13,Models!$A$2:$B$13,2,0) -> 40-inch Full HD TV | D13: 14
... A37: 2026-09 | B37: M112 | C37: =VLOOKUP(B37,Models!$A$2:$B$13,2,0) -> 75-inch 4K TV | D37: 6

Sheet Targets
A1: Channel | B1: TargetUnits | C1: TargetSales
A2: Cairo | B2: 6200 | C2: 75000000
A3: Alexandria | B3: 4400 | C3: 47000000
A4: Delta | B4: 5900 | C4: 63000000
A5: Export | B5: 8900 | C5: 144000000

Sheet Models
A1: ModelCode | B1: ModelName
A2: M101 | B2: 24-inch HD TV
A3: M102 | B3: 32-inch HD TV
A4: M103 | B4: 32-inch Smart TV
A5: M104 | B5: 40-inch Full HD TV
A6: M105 | B6: 43-inch Full HD TV
A7: M106 | B7: 43-inch Smart TV
A8: M107 | B8: 50-inch 4K TV
A9: M108 | B9: 55-inch 4K TV
A10: M109 | B10: 55-inch QLED TV
A11: M110 | B11: 65-inch 4K TV
A12: M111 | B12: 65-inch QLED TV
A13: M112 | B13: 75-inch 4K TV

Sheet Countries
A1: CountryCode | B1: CountryName
A2: EG | B2: Egypt
A3: SA | B3: Saudi Arabia
A4: AE | B4: United Arab Emirates
A5: KW | B5: Kuwait
A6: JO | B6: Jordan
A7: IQ | B7: Iraq
A8: LY | B8: Libya
A9: MA | B9: Morocco
A10: KE | B10: Kenya
A11: NG | B11: Nigeria
